axis,slope,intercept
axis1,-0.000228744365030404,0.9989811231454281
axis2,-0.00044111465287660444,3.759497873758921
axis3,-0.0005532973578033293,3.3836215343929315
axis4,-0.00010844184585179102,0.6857186974578815
axis5,-9.905624743733722e-05,0.969396889114669
axis6,-7.251054165105159e-05,0.6121699439640557
axis7,-0.00016101274426161524,0.9576661177895667
axis8,-2.0447432962132664e-05,0.11952782220803804
