axis,resid_mean,resid_std,resid_median,pos90,pos95,pos99,n
axis1,-1.335397467364323e-16,2.0779320330845454,-0.5254674778480501,6.959018814037953,10.842342351933217,21.132294618963748,1277
axis2,4.45132489121441e-16,6.231379972342842,-2.8020457273653174,18.184953880260732,21.966712292440928,34.339273411800946,1277
axis3,-6.231854847700174e-16,5.204045483032235,-2.1764655773028756,15.11083779646756,22.6829658950236,28.096117691248214,1277
axis4,2.225662445607205e-17,1.3912186616255746,-0.4527819255454754,4.331310351994087,6.779440068022219,10.386265757098453,1277
axis5,0.0,1.96755485851399,-0.7538390041663205,5.8504661706707966,7.866243541086442,13.956445654260019,1277
axis6,5.564156114018013e-17,1.6358655248882241,-0.4564148351391807,5.290747175739775,7.261498150863637,15.115421804401182,1277
axis7,-2.225662445607205e-17,1.9269770322749693,-0.6209334031799918,7.381713333059408,7.551753446466757,7.637925737425098,1277
axis8,5.5641561140180124e-18,0.37385882596771824,-0.07464591133048647,1.1926690865847356,1.4164466263390678,4.021865733933043,1277
