axis,MinC_95pct,MaxC_99pct,MinC_mean+2std,MaxC_mean+3std
axis1,10.842342351933217,21.132294618963748,4.155864066169091,6.233796099253636
axis2,21.966712292440928,34.339273411800946,12.462759944685684,18.694139917028526
axis3,22.6829658950236,28.096117691248214,10.40809096606447,15.612136449096706
axis4,6.779440068022219,10.386265757098453,2.7824373232511492,4.173655984876724
axis5,7.866243541086442,13.956445654260019,3.93510971702798,5.902664575541969
axis6,7.261498150863637,15.115421804401182,3.2717310497764482,4.907596574664672
axis7,7.551753446466757,7.637925737425098,3.8539540645499386,5.780931096824908
axis8,1.4164466263390678,4.021865733933043,0.7477176519354365,1.1215764779031547
